{
  "kind": "collectionType",
  "collectionName": "products",
  "info": {
    "singularName": "product",
    "pluralName": "products",
    "displayName": "product"
  },
  "options": {
    "draftAndPublish": true
  },
  "pluginOptions": {},
  "attributes": {
    "name": {
      "type": "string",
      "required": true
    },
    "subtitle": {
      "type": "string"
    },
    "price": {
      "type": "decimal",
      "required": true
    },
    "description": {
      "type": "richtext"
    },
    "size": {
      "type": "json"
    },
    "image": {
      "allowedTypes": [
        "images"
      ],
      "type": "media",
      "multiple": true,
      "required": false
    },
    "thumbnail": {
      "allowedTypes": [
        "images"
      ],
      "type": "media",
      "multiple": false,
      "required": true
    },
    "original_price": {
      "type": "decimal"
    },
    "slug": {
      "type": "uid",
      "targetField": "name",
      "required": false
    },
    "categories": {
      "type": "relation",
      "relation": "manyToMany",
      "target": "api::category.category",
      "inversedBy": "products"
    }
  }
}
